author_name,last_name,first_name,title,birth_date,death_date,count,fraction_total,dataset
"Defoe, Daniel, 1661?-1731",Defoe,Daniel,not_applicable,1661,1731,121,0.043808834,ota
"More, Hannah, 1745-1833",More,Hannah,not_applicable,1745,1833,69,0.024981897,ota
"Pope, Alexander, 1688-1744",Pope,Alexander,not_applicable,1688,1744,62,0.022447502,ota
"Goldsmith, Oliver, 1730?-1774",Goldsmith,Oliver,not_applicable,1730,1774,51,0.018464881,ota
(unknown),not_applicable,Unknown,not_applicable,not_applicable,not_applicable,47,0.017016655,ota
"Kipling, Rudyard, 1865-1936",Kipling,Rudyard,not_applicable,1865,1936,46,0.016654598,ota
"Trusler, John, 1735-1820",Trusler,John,not_applicable,1735,1820,44,0.015930485,ota
"Dibdin, Charles, 1745-1814",Dibdin,Charles,not_applicable,1745,1814,41,0.014844316,ota
"Pratt, Mr (Samuel Jackson), 1749-1814",Pratt,Samuel Jackson,not_applicable,1749,1814,41,0.014844316,ota
"Shakespeare, William, 1564-1616",Shakespeare,William,not_applicable,1564,1616,37,0.01339609,ota
"Holcroft, Thomas, 1745-1809",Holcroft,Thomas,not_applicable,1745,1809,34,0.01230992,ota
"Paine, Thomas, 1737-1809",Paine,Thomas,not_applicable,1737,1809,34,0.01230992,ota
"Hayley, William, 1745-1820",Hayley,William,not_applicable,1745,1820,34,0.01230992,ota
"Burke, Edmund, 1729-1797",Burke,Edmund,not_applicable,1729,1797,31,0.011223751,ota
"Sharp, Granville, 1735-1813",Sharp,Granville,not_applicable,1735,1813,29,0.010499638,ota
"O'Keeffe, John, 1747-1833",O'Keeffe,John,not_applicable,1747,1833,29,0.010499638,ota
"Addison, Joseph, 1672-1719",Addison,Joseph,not_applicable,1672,1719,29,0.010499638,ota
"Garrick, David, 1717-1779",Garrick,David,not_applicable,1717,1779,27,0.009775525,ota
"Arbuthnot, John, 1667-1735",Arbuthnot,John,not_applicable,1667,1735,27,0.009775525,ota
"Jerningham, Mr (Edward), 1737?-1812",Jerningham,Edward,not_applicable,1737,1812,26,0.009413469,ota
"Cumberland, Richard, 1732-1811",Cumberland,Richard,not_applicable,1732,1811,26,0.009413469,ota
"Kenrick, W (William), 1725?-1779",Kenrick,William,not_applicable,1725,1779,26,0.009413469,ota
"Gilpin, William, 1724-1804",Gilpin,William,not_applicable,1724,1804,26,0.009413469,ota
"Murphy, Arthur, 1727-1805",Murphy,Arthur,not_applicable,1727,1805,25,0.009051412,ota
"Lennox, Charlotte, ca 1729-1804",Lennox,Charlotte,not_applicable,1729,1804,29,0.010499638,ota
"Donovan, E (Edward), 1768-1837",Donovan,Edward,not_applicable,1768,1837,23,0.008327299,ota
"Gaskell, Elizabeth Cleghorn, 1810-1865",Gaskell,Elizabeth Cleghorn,not_applicable,1810,1865,23,0.008327299,ota
"Churchill, Charles, 1731-1764",Churchill,Charles,not_applicable,1731,1764,22,0.007965243,ota
"Richardson, Samuel, 1689-1761",Richardson,Samuel,not_applicable,1689,1761,22,0.007965243,ota
"Hume, David, 1711-1776",Hume,David,not_applicable,1711,1776,21,0.007603186,ota
"Dennis, John, 1657-1734",Dennis,John,not_applicable,1657,1734,21,0.007603186,ota
"Inchbald, Mrs, 1753-1821",Inchbald,not_applicable,Mrs,1753,1821,20,0.00724113,ota
"Francklin, Thomas, 1721-1784",Francklin,Thomas,not_applicable,1721,1784,19,0.006879073,ota
"Sheridan, Richard Brinsley, 1751-1816",Sheridan,Richard Brinsley,not_applicable,1751,1816,18,0.006517017,ota
"Dodsley, Robert, 1703-1764",Dodsley,Robert,not_applicable,1703,1764,18,0.006517017,ota
"Centlivre, Susanna, 1667?-1723",Centlivre,Susanna,not_applicable, 1667?,1723,18,0.006517017,ota
"Pennant, Thomas, 1726-1798",Pennant,Thomas,not_applicable,1726,1798,18,0.006517017,ota
"Berkeley, George, 1685-1753",Berkeley,George,not_applicable,1685,1753,17,0.00615496,ota
"Hill, Aaron, 1685-1750",Hill,Aaron,not_applicable,1685,1750,16,0.005792904,ota
"Gentleman, Francis, 1728-1784",Gentleman,Francis,not_applicable,1728,1784,16,0.005792904,ota
"Carey, Henry, 1687?-1743",Carey,Henry,not_applicable, 1687?,1743,16,0.005792904,ota
"Sterne, Laurence, 1713-1768",Sterne,Laurence,not_applicable,1713,1768,16,0.005792904,ota
"Bickerstaff, Isaac, 1735-1812",Bickerstaff,Isaac,not_applicable,1735,1812,15,0.005430847,ota
"Griffith, Mrs (Elizabeth), 1720?-1793",Griffith,Elizabeth,Mrs, 1720?,1793,15,0.005430847,ota
"Cowley, Mrs (Hannah), 1743-1809",Cowley,Hannah,Mrs,1743,1809,15,0.005430847,ota
"Carey, George Saville, 1743-1807",Carey,George Saville,,1743,1807,14,0.005068791,ota
"Dudley, H Bate, Sir (Henry Bate), 1745-1824",Bate,Henry,,1745,1824,14,0.005068791,ota
"Jephson, Robert, 1736-1803",Jephson,Robert,,1736,1803,14,0.005068791,ota
"Warton, Thomas, 1728-1790",Warton,Thomas,,1728,1790,14,0.005068791,ota
"Boswell, James, 1740-1795",Boswell,James,,1740,1795,13,0.004706734,ota
"Thomson, James, 1700-1748",Thomson,James,,1700,1748,13,0.004706734,ota
"Brown, John, 1715-1766",Brown,John,,1715,1766,13,0.004706734,ota
"Hull, Thomas, 1728-1808",Hull,Thomas,,1728,1808,13,0.004706734,ota
"Fawkes, Francis, 1720-1777",Fawkes,Francis,,1720,1777,12,0.004344678,ota
"Kames, Henry Home, Lord, 1696-1782",Home,Henry,,1696,1782,12,0.004344678,ota
"Jones, Henry, 1721-1770",Jones,Henry,,1721,1770,12,0.004344678,ota
"Francis, Philip, Sir, 1740-1818",Francis,Philip,,1740,1818,12,0.004344678,ota
"Congreve, William, 1670-1729",Congreve,William,,1670,1729,12,0.004344678,ota
"Mason, William, 1725-1797",Mason,William,,1725,1797,12,0.004344678,ota
"Woty, William, 1731?-1791",Woty,William,, 1731?,1791,12,0.004344678,ota
"Gibbon, Edward, 1737-1794",Gibbon,Edward,,1737,1794,11,0.003982621,ota
"Pilon, Frederick, 1750-1788",Pilon,Frederick,,1750,1788,11,0.003982621,ota
"Glover, Richard, 1712-1785",Glover,Richard,,1712,1785,11,0.003982621,ota
"Gray, Thomas, 1716-1771",Gray,Thomas,,1716,1771,11,0.003982621,ota
"Buffon, Georges Louis Leclerc, comte de, 1707-1788",Leclerc,Georges-Louis,,1707,1788,10,0.003620565,ota
"Macpherson, James, 1736-1796",Macpherson,James,,1736,1796,10,0.003620565,ota
"Pinkerton, John, 1758-1826",Pinkerton,John,,1758,1826,10,0.003620565,ota
"Duck, Stephen, 1705-1756",Duck,Stephen,,1705,1756,10,0.003620565,ota
"Hutchinson, William, 1732-1814",Hutchinson,William,,1732,1814,10,0.003620565,ota
"Paley, William, 1743-1805",Paley,William,,1743,1805,10,0.003620565,ota
"Radcliffe, Ann Ward, 1764-1823",Radcliffe,Ann Ward,,1764,1823,9,0.003258508,ota
"James, Henry, 1843-1916",James,Henry,,1843,1916,9,0.003258508,ota
"Kelly, Hugh, 1739-1777",Kelly,Hugh,,1739,1777,9,0.003258508,ota
"Brand, John, d 1808",Brand,John,, d 1808,,9,0.003258508,ota
"Hawkesworth, John, 1715?-1773",Hawkesworth,John,, 1715?,1773,9,0.003258508,ota
"MacNally, Leonard, 1752-1820",MacNally,Leonard,,1752,1820,9,0.003258508,ota
"Lloyd, Robert, 1733-1764",Lloyd,Robert,,1733,1764,9,0.003258508,ota
"Cibber, Theophilus, 1703-1758",Cibber,Theophilus,,1703,1758,9,0.003258508,ota
"Whiston, William, 1667-1752",Whiston,William,,1667,1752,9,0.003258508,ota
"Trollope, Anthony, 1815-1882",Trollope,Anthony,,1815,1882,8,0.002896452,ota
"Hutton, Charles, 1737-1823",Hutton,Charles,,1737,1823,8,0.002896452,ota
"Macklin, Charles, 1697?-1797",Macklin,Charles,, 1697?,1797,8,0.002896452,ota
"Cobb, James, 1756-1818",Cobb,James,,1756,1818,8,0.002896452,ota
"Spence, Thomas, 1750-1814",Spence,Thomas,,1750,1814,8,0.002896452,ota
"Chetwood, W R (William Rufus), d 1766",Chetwood,W R (William Rufus),, d 1766,,8,0.002896452,ota
Homer,Homer,,,,,8,0.002896452,ota
"Gerard, Alexander, 1728-1795",Gerard,Alexander,,1728,1795,7,0.002534395,ota
"Dickens, Charles, 1812-1870",Dickens,Charles,,1812,1870,7,0.002534395,ota
"Burney, Fanny, 1752-1840",Burney,Fanny,,1752,1840,7,0.002534395,ota
"Stevens, George Alexander, 1710-1784",Stevens,George Alexander,,1710,1784,7,0.002534395,ota
"Williams, Helen Maria, 1762-1827",Williams,Helen Maria,,1762,1827,7,0.002534395,ota
"Blair, Hugh, 1718-1800",Blair,Hugh,,1718,1800,7,0.002534395,ota
"Downman, Hugh, 1740-1809",Downman,Hugh,,1740,1809,7,0.002534395,ota
"Aikin, John, 1747-1822",Aikin,John,,1747,1822,7,0.002534395,ota
"Burgoyne, John, 1722-1792",Burgoyne,John,,1722,1792,7,0.002534395,ota
"Lewis, M G (Matthew Gregory), 1775-1818",Lewis,M G (Matthew Gregory),,1775,1818,7,0.002534395,ota
"Rowe, Nicholas, 1674-1718",Rowe,Nicholas,,1674,1718,7,0.002534395,ota
"Morton, Thomas, 1764-1838",Morton,Thomas,,1764,1838,7,0.002534395,ota
"Colman, George, 1732-1794",Colman,George,,1732,1794,6,0.002172339,ota
"Eliot, George, 1819-1880",Eliot,George,,1819,1880,6,0.002172339,ota
"Disraeli, Isaac, 1766-1848",Disraeli,Isaac,,1766,1848,6,0.002172339,ota
"Delap, J (John), 1725-1812",Delap,J (John),,1725,1812,6,0.002172339,ota
"Brown, John, 1722-1787",Brown,John,,1722,1787,6,0.002172339,ota
"Home, John, 1722-1808",Home,John,,1722,1808,6,0.002172339,ota
"Milton, John, 1608-1674",Milton,John,,1608,1674,6,0.002172339,ota
"Twain, Mark, 1835-1910",Twain,Mark,,1835,1910,6,0.002172339,ota
"Mendez, Moses, d 1758",Mendez,Moses,, d 1758,,6,0.002172339,ota
"Savage, Richard, d 1743",Savage,Richard,, d 1743,,6,0.002172339,ota
"Johnson, Samuel, 1709-1784",Johnson,Samuel,,1709,1784,6,0.002172339,ota
"Lee, Sophia, 1750-1824",Lee,Sophia,,1750,1824,6,0.002172339,ota
"Boreman, Thomas, fl 1730-1743",Boreman,Thomas,, fl 1730,1743,6,0.002172339,ota
"Jefferson, Thomas, 1743-1826",Jefferson,Thomas,,1743,1826,6,0.002172339,ota
"Smollett, Tobias George, 1721-1771",Smollett,Tobias George,,1721,1771,6,0.002172339,ota
"Jonson, Ben, 1573?-1637",Jonson,Ben,, 1573?,1637,5,0.001810282,ota
"Johnstone, Charles, 1719?-1800?",Johnstone,Charles,, 1719?,1800?,5,0.001810282,ota
"Smith, Charlotte Turner, 1749-1806",Smith,Charlotte Turner,,1749,1806,5,0.001810282,ota
"Craven, Elizabeth Craven, Baroness, 1750-1828",Craven,Elizabeth,,1750,1828,5,0.001810282,ota
"Waldron, F G (Francis Godolphin), 1744-1818",Waldron,Francis Godolphin,,1744,1818,5,0.001810282,ota
"Brooke, Frances, 1724?-1789",Brooke,Frances,, 1724?,1789,5,0.001810282,ota
"Berkeley, George Monck, 1763-1793",Berkeley,George Monck,,1763,1793,5,0.001810282,ota
"Brooke, Henry, 1703?-1783",Brooke,Henry,, 1703?,1783,5,0.001810282,ota
"Fielding, Henry, 1707-1754",Fielding,Henry,,1707,1754,5,0.001810282,ota
"London, Jack, 1876-1916",London,Jack,,1876,1916,5,0.001810282,ota
"Janeway, James, 1636?-1674",Janeway,James,, 1636?,1674,5,0.001810282,ota
"Murray, James, 1732-1782",Murray,James,,1732,1782,5,0.001810282,ota
"Cunningham, John, 1729-1773",Cunningham,John,,1729,1773,5,0.001810282,ota
"Kemble, John Philip, 1757-1823",Kemble,John Philip,,1757,1823,5,0.001810282,ota
"Cradock, Joseph, 1742-1826",Cradock,Joseph,,1742,1826,5,0.001810282,ota
"Ritson, Joseph, 1752-1803",Ritson,Joseph,,1752,1803,5,0.001810282,ota
"Berquin, M (Arnaud), 1747-1791",Berquin,M (Arnaud),,1747,1791,5,0.001810282,ota
"Aulnoy, Madame d' (Marie-Catherine), 1650 or 51-1705",Aulnoy,Madame d' (Marie-Catherine),, 1650 or 51,1705,5,0.001810282,ota
"Andrews, Miles Peter, d 1814",Andrews,Miles Peter,, d 1814,,5,0.001810282,ota
"Hoare, Prince, 1755-1834",Hoare,Prince,,1755,1834,5,0.001810282,ota
"Bentley, R (Richard), 1708-1782",Bentley,R (Richard),,1708,1782,5,0.001810282,ota
"Steele, Richard, Sir, 1672-1729",Steele,Richard,,1672,1729,5,0.001810282,ota
"Shiells, Robert, d 1753",Shiells,Robert,, d 1753,,5,0.001810282,ota
"Hardy, Thomas, 1840-1928",Hardy,Thomas,,1840,1928,5,0.001810282,ota
"Parnell, Thomas, 1679-1718",Parnell,Thomas,,1679,1718,5,0.001810282,ota
"Woolston, Thomas, 1670-1733",Woolston,Thomas,,1670,1733,5,0.001810282,ota
"Mason, William, 1719-1791",Mason,William,,1719,1791,5,0.001810282,ota
"Oldys, William, 1696-1761",Oldys,William,,1696,1761,5,0.001810282,ota
"Ovid, 43 BC-17 or 18 AD",,Ovid,, 43 BC,18 AD,5,0.001810282,ota
"Smith, Adam, 1723-1790",Smith,Adam,,1723,1790,4,0.001448226,ota
"Dow, Alexander, d 1779",Dow,Alexander,, d 1779,,4,0.001448226,ota
"Henry, David, 1710-1792",Henry,David,,1710,1792,4,0.001448226,ota
"Pearch, G",Pearch,G,,,,4,0.001448226,ota
"Lillo, George, 1693-1739",Lillo,George,,1693,1739,4,0.001448226,ota
"Psalmanazar, George, 1679?-1763",Psalmanazar,George,, 1679?,1763,4,0.001448226,ota
"Walpole, Horace, 1717-1797",Walpole,Horace,,1717,1797,4,0.001448226,ota
"Holman, J G (Joseph George), 1764-1817",Holman,J G (Joseph George),,1764,1817,4,0.001448226,ota
"Marat, Jean Paul, 1743-1793",Marat,Jean Paul,,1743,1793,4,0.001448226,ota
"Brand, John, 1744-1806",Brand,John,,1744,1806,4,0.001448226,ota
"Hawkins, John, Sir, 1719-1789",Hawkins,John,,1719,1789,4,0.001448226,ota
"Reed, Joseph, 1723-1787",Reed,Joseph,,1723,1787,4,0.001448226,ota
"O'Hara, Kane, 1714?-1782",O'Hara,Kane,, 1714?,1782,4,0.001448226,ota
"Pilkington, Laetitia, 1712-1750",Pilkington,Laetitia,,1712,1750,4,0.001448226,ota
"Akenside, Mark, 1721-1770",Akenside,Mark,,1721,1770,4,0.001448226,ota
"Barbauld, Mrs (Anna Letitia), 1743-1825",Barbauld,Anna Letitia,Mrs,1743,1825,4,0.001448226,ota
"Francis, Philip, 1708?-1773",Francis,Philip,, 1708?,1773,4,0.001448226,ota
"Griffith, Richard, d 1788",Griffith,Richard,, d 1788,,4,0.001448226,ota
"Hitchcock, Robert, d 1809",Hitchcock,Robert,, d 1809,,4,0.001448226,ota
"Wilkinson, Tate, 1739-1803",Wilkinson,Tate,,1739,1803,4,0.001448226,ota
"Collins, William, 1721-1759",Collins,William,,1721,1759,4,0.001448226,ota
"Dampier, William, 1652-1715",Dampier,William,,1652,1715,4,0.001448226,ota
"Hawkins, William, 1722-1801",Hawkins,William,,1722,1801,4,0.001448226,ota
"Shenstone, William, 1714-1763",Shenstone,William,,1714,1763,4,0.001448226,ota
"Whitehead, William, 1715-1785",Whitehead,William,,1715,1785,4,0.001448226,ota
"Brown, Charles Brockden, 1771-1810",Brown,Charles Brockden,,1771,1810,3,0.001086169,ota
"Charke, Charlotte, 1713-1760",Charke,Charlotte,,1713,1760,3,0.001086169,ota
"Hartley, David, 1705-1757",Hartley,David,,1705,1757,3,0.001086169,ota
"Burroughs, Edgar Rice, 1875-1950",Burroughs,Edgar Rice,,1875,1950,3,0.001086169,ota
"Darwin, Erasmus, 1731-1802",Darwin,Erasmus,,1731,1802,3,0.001086169,ota
"Way, G L (Gregory Lewis), d 1799",Way,G L (Gregory Lewis),, d 1799,,3,0.001086169,ota
"Cheyne, George, 1673-1743",Cheyne,George,,1673,1743,3,0.001086169,ota
"Dodington, George Bubb, Baron of Melcombe Regis, 1691-1762",Dodington,George,,1691,1762,3,0.001086169,ota
"Wells, HG (Herbert George), 1866-1946",Wells,HG (Herbert George),,1866,1946,3,0.001086169,ota
"Bourne, Henry, 1696-1733",Bourne,Henry,,1696,1733,3,0.001086169,ota
"Fielding, Henry, 1707-1754",Fielding,Henry,,1707,1754,3,0.001086169,ota
"Melville, Herman, 1819-1891",Melville,Herman,,1819,1891,3,0.001086169,ota
"Walton, Jacob, d 1743",Walton,Jacob,, d 1743,,3,0.001086169,ota
"Jurin, James, 1684-1750",Jurin,James,,1684,1750,3,0.001086169,ota
"Austen, Jane, 1775-1817",Austen,Jane,,1775,1817,3,0.001086169,ota
"Hill, John, 1714?-1775",Hill,John,, 1714?,1775,3,0.001086169,ota
"Hoole, John, 1727-1803",Hoole,John,,1727,1803,3,0.001086169,ota
"Wallis, John, 1714-1793",Wallis,John,,1714,1793,3,0.001086169,ota
"Conrad, Joseph, 1857-1924",Conrad,Joseph,,1857,1924,3,0.001086169,ota
"Warton, Joseph, 1722-1800",Warton,Joseph,,1722,1800,3,0.001086169,ota
"Pulteney, Richard, 1730-1801",Pulteney,Richard,,1730,1801,3,0.001086169,ota
"Stevenson, Robert Louis, 1850-1894",Stevenson,Robert Louis,,1850,1894,3,0.001086169,ota
"Chatterton, Thomas, 1752-1770",Chatterton,Thomas,,1752,1770,3,0.001086169,ota
"Ellwood, Thomas, 1639-1713",Ellwood,Thomas,,1639,1713,3,0.001086169,ota
"King, Thomas, 1730-1805",King,Thomas,,1730,1805,3,0.001086169,ota
"Hawkins, W (William), 18th cent",Hawkins,W (William),, 18th cent,,3,0.001086169,ota
"Blake, William, 1757-1827",Blake,William,,1757,1827,3,0.001086169,ota
"Burke, William, 1730-1798",Burke,William,,1730,1798,3,0.001086169,ota
"Hazlitt, William, 1737-1820",Hazlitt,William,,1737,1820,3,0.001086169,ota
"James, William, 1842-1910",James,William,,1842,1910,3,0.001086169,ota
"Jardine, Alexander, d 1799",Jardine,Alexander,, d 1799,,2,0.000724113,ota
"Sidney, Algernon, 1622-1683",Sidney,Algernon,,1622,1683,2,0.000724113,ota
"BrontÎ, Anne, 1820-1849",BrontÎ,Anne,,1820,1849,2,0.000724113,ota
"Belloste, Augustin, 1654-1730",Belloste,Augustin,,1654,1730,2,0.000724113,ota
"Lawrence, DH (David Herbert), 1885-1930",Lawrence,DH (David Herbert),,1885,1930,2,0.000724113,ota
"Erasmus, Desiderius, d 1536",Erasmus,Desiderius,, d 1536,,2,0.000724113,ota
"Wharton, Edith, 1862-1937",Wharton,Edith,,1862,1937,2,0.000724113,ota
"Spenser, Edmund, 1552?-1599",Spenser,Edmund,, 1552?,1599,2,0.000724113,ota
"Ashmole, Elias, 1617-1692",Ashmole,Elias,,1617,1692,2,0.000724113,ota
"Spilsbury, Francis",Spilsbury,Francis,,,,2,0.000724113,ota
"Reynolds, Frederick, 1764-1841",Reynolds,Frederick,,1764,1841,2,0.000724113,ota
"Chaucer, Geoffrey, d 1400",Chaucer,Geoffrey,, d 1400,,2,0.000724113,ota
"Berkeley, George, 1733-1795",Berkeley,George,,1733,1795,2,0.000724113,ota
"Colman, George, 1762-1836",Colman,George,,1762,1836,2,0.000724113,ota
"White, Gilbert, 1720-1793",White,Gilbert,,1720,1793,2,0.000724113,ota
"Hartson, Hall, d 1773",Hartson,Hall,, d 1773,,2,0.000724113,ota
"Kelley, Hugh, 1739-1777",Kelley,Hugh,,1739,1777,2,0.000724113,ota
"Smith, Hugh, 1736?-1789",Smith,Hugh,, 1736?,1789,2,0.000724113,ota
"Watts, Isaac, 1674-1748",Watts,Isaac,,1674,1748,2,0.000724113,ota
"Donaldson, J (John), 1737-1801",Donaldson,J (John),,1737,1801,2,0.000724113,ota
"Otis, James, 1725-1783",Otis,James,,1725,1783,2,0.000724113,ota
"Townley, James, 1714-1778",Townley,James,,1714,1778,2,0.000724113,ota
"Arbuthnot, John, of Mitcham",Arbuthnot,John,, of Mitcham,,2,0.000724113,ota
"Gay, John, 1685-1732",Gay,John,,1685,1732,2,0.000724113,ota
"Muir, John, 1838-1914",Muir,John,,1838,1914,2,0.000724113,ota
"Stedman, John Gabriel, 1744-1797",Stedman,John Gabriel,,1744,1797,2,0.000724113,ota
"Baum, L Frank (Lyman Frank), 1856-1919",Baum,L Frank (Lyman Frank),,1856,1919,2,0.000724113,ota
"Montgomery, L M (Lucy Maud), 1874-1942",Montgomery,L M (Lucy Maud),,1874,1942,2,0.000724113,ota
"Sterne, Laurence, 1713-1768",Sterne,Laurence,,1713,1768,2,0.000724113,ota
"Edgeworth, Maria, 1767-1849",Edgeworth,Maria,,1767,1849,2,0.000724113,ota
"Clive, Mrs (Catherine), 1711-1785",Clive,Catherine,Mrs,1711,1785,2,0.000724113,ota
"Firishtah, Mu·∏•ammad QƒÅsim Hind≈´ ShƒÅh AstarƒÅbƒÅdƒ´",Firishtah,Mu·∏•ammad QƒÅsim Hind≈´ ShƒÅh AstarƒÅbƒÅdƒ´,,,,2,0.000724113,ota
"Hawthorne, Nathaniel, 1804-1864",Hawthorne,Nathaniel,,1804,1864,2,0.000724113,ota
"Equiano, Olaudah, b 1745",Equiano,Olaudah,, b 1745,,2,0.000724113,ota
"Pott, Percivall, 1714-1788",Pott,Percivall,,1714,1788,2,0.000724113,ota
"Doddridge, Philip, 1702-1751",Doddridge,Philip,,1702,1751,2,0.000724113,ota
"Beilby, Ralph, 1743-1817",Beilby,Ralph,,1743,1817,2,0.000724113,ota
"Bulstrode, Richard, Sir, 1610-1711",Bulstrode,Richard,,1610,1711,2,0.000724113,ota
"Mead, Richard, 1673-1754",Mead,Richard,,1673,1754,2,0.000724113,ota
"Sheridan, Richard, d 1793",Sheridan,Richard,, d 1793,,2,0.000724113,ota
"Tickell, Richard, 1751-1793",Tickell,Richard,,1751,1793,2,0.000724113,ota
"Musgrave, Samuel, 1732-1780",Musgrave,Samuel,,1732,1780,2,0.000724113,ota
"Richardson, Samuel, fl 1643-1658",Richardson,Samuel,, fl 1643,1658,2,0.000724113,ota
"John and William Cunningham and Company (Brewers : Glasgow, Scotland)",John and William Cunningham and Company (Brewers : Glasgow,Scotland),,,,2,0.000724113,ota
"Crane, Stephen, 1871-1900",Crane,Stephen,,1871,1900,2,0.000724113,ota
"Malthus, T R (Thomas Robert), 1766-1834",Malthus,T R (Thomas Robert),,1766,1834,2,0.000724113,ota
"Amory, Thomas, 1691?-1788?",Amory,Thomas,, 1691?,1788?,2,0.000724113,ota
"Browne, Thomas, Sir, 1605-1682",Browne,Thomas,,1605,1682,2,0.000724113,ota
"Leland, Thomas, 1722-1785",Leland,Thomas,,1722,1785,2,0.000724113,ota
"Vaughan, Thomas, fl 1772-1820",Vaughan,Thomas,, fl 1772,1820,2,0.000724113,ota
"Cockburn, W (William), 1669-1739",Cockburn,W (William),,1669,1739,2,0.000724113,ota
"Chaigneau, William, 1709-1781",Chaigneau,William,,1709,1781,2,0.000724113,ota
"Cowper, William, 1731-1800",Cowper,William,,1731,1800,2,0.000724113,ota
"Wordsworth, William, 1770-1850",Wordsworth,William,,1770,1850,2,0.000724113,ota
Authoress of Emeline,Authoress of Emeline,,,,,2,0.000724113,ota
Pindaromastix,Pindaromastix,,,,,2,0.000724113,ota
Unknown,Unknown,,,,,2,0.000724113,ota
"College, Academy, and Charitable Schools of Philadelphia",College,Academy,, and Charitable Schools of Philadelphia,,1,0.000362056,ota
"Ferguson, Adam, 1723-1816",Ferguson,Adam,,1723,1816,1,0.000362056,ota
"Smith, Adam, 1723-1790",Smith,Adam,,1723,1790,1,0.000362056,ota
"Forbes of Pitsligo, Alexander Forbes, Lord, 1678-1762",Forbes,Alexander,,1678,1762,1,0.000362056,ota
"Grant, Alexander, d 1817",Grant,Alexander,, d 1817,,1,0.000362056,ota
"Monro, Alexander, 1733-1817",Monro,Alexander,,1733,1817,1,0.000362056,ota
"Pope, Alexander, 1763-1835",Pope,Alexander,,1763,1835,1,0.000362056,ota
"Thomson, Alexander, MD",Thomson,Alexander,, MD,,1,0.000362056,ota
"Tennyson, Alfred Tennyson, Baron, 1809-1892",Tennyson,Alfred,,1809,1892,1,0.000362056,ota
"Bierce, Ambrose, 1842-1914?",Bierce,Ambrose,,1842,1914?,1,0.000362056,ota
"Philips, Ambrose, 1674-1749",Philips,Ambrose,,1674,1749,1,0.000362056,ota
"Marvell, Andrew, 1621-1678",Marvell,Andrew,,1621,1678,1,0.000362056,ota
"Radcliffe, Ann Sophia",Radcliffe,Ann Sophia,,,,1,0.000362056,ota
"Winchilsea, Anne Kingsmill Finch, Countess of, 1661-1720",Kingsmill Finch,Anne,,1661,1720,1,0.000362056,ota
"Turgot, Anne-Robert-Jacques, baron de l'Aulne, 1727-1781",Turgot,Anne-Robert-Jacques,,1727,1781,1,0.000362056,ota
"Lambrechts, Arentius Ferdinand",Lambrechts,Arentius Ferdinand,,,,1,0.000362056,ota
"Duck, Arthur",Duck,Arthur,,,,1,0.000362056,ota
"Orczy, Baroness Emmuska, 1865-1947",Orczy,Baroness Emmuska,,1865,1947,1,0.000362056,ota
"Potter, Beatrix, 1866-1943",Potter,Beatrix,,1866,1943,1,0.000362056,ota
"Bell, Benjamin, 1749-1806",Bell,Benjamin,,1749,1806,1,0.000362056,ota
"Franklin, Benjamin, 1706-1790",Franklin,Benjamin,,1706,1790,1,0.000362056,ota
"Hoadly, Benjamin, 1676-1761",Hoadly,Benjamin,,1676,1761,1,0.000362056,ota
"Robins, Benjamin, 1707-1751",Robins,Benjamin,,1707,1751,1,0.000362056,ota
"Okell, Benjamin",Okell,Benjamin,,,,1,0.000362056,ota
"Overton, Benjamin",Overton,Benjamin,,,,1,0.000362056,ota
"Mandeville, Bernard, 1670-1733",Mandeville,Bernard,,1670,1733,1,0.000362056,ota
"Ogden, Bernard, b 1767",Ogden,Bernard,, b 1767,,1,0.000362056,ota
"Stoker, Bram, 1847-1912",Stoker,Bram,,1847,1912,1,0.000362056,ota
"Duncan, Chapman",Duncan,Chapman,,,,1,0.000362056,ota
"Avison, Charles, 1710-1770",Avison,Charles,,1710,1770,1,0.000362056,ota
"Brown, Charles, fl 1797-1799",Brown,Charles,, fl 1797,1799,1,0.000362056,ota
"Darwin, Charles, 1809-1882",Darwin,Charles,,1809,1882,1,0.000362056,ota
"Hutton, Charles, shipmaster in Culross",Hutton,Charles,, shipmaster in Culross,,1,0.000362056,ota
"Roberts, Charles George Douglas, Sir, 1860-1943",Roberts,Charles George Douglas,,1860,1943,1,0.000362056,ota
"Gilman, Charlotte Perkins, 1860-1935",Gilman,Charlotte Perkins,,1860,1935,1,0.000362056,ota
"Anstey, Christopher, 1724-1805",Anstey,Christopher,,1724,1805,1,0.000362056,ota
"Marlowe, Christopher, 1564-1593",Marlowe,Christopher,,1564,1593,1,0.000362056,ota
"Smart, Christopher, 1722-1771",Smart,Christopher,,1722,1771,1,0.000362056,ota
"Famine, Citizen",Famine,Citizen,,,,1,0.000362056,ota
"Josef Schmied, Claudia Claridge, Rainer Siemund (ed)",Josef Schmied,Claudia Claridge,, Rainer Siemund (ed),,1,0.000362056,ota
"Wintringham, Clifton, 1689-1748",Wintringham,Clifton,,1689,1748,1,0.000362056,ota
"Cibber, Colley, 1671-1757",Cibber,Colley,,1671,1757,1,0.000362056,ota
"Merande, D",Merande,D,,,,1,0.000362056,ota
"Turner, Daniel, 1667-1741",Turner,Daniel,,1667,1741,1,0.000362056,ota
"Phillips, David Graham, 1867-1911",Phillips,David Graham,,1867,1911,1,0.000362056,ota
"Rivers, David",Rivers,David,,,,1,0.000362056,ota
"Killings, Douglas B (ed)",Killings,Douglas B (ed),,,,1,0.000362056,ota
"Rock, Dr (Richard), 1708-1774",Rock,Dr (Richard),,1708,1774,1,0.000362056,ota
"Kelly, Ebenezer Beriah, b 1783",Kelly,Ebenezer Beriah,, b 1783,,1,0.000362056,ota
"Gibbon, Edward, 1737-1794",Gibbon,Edward,,1737,1794,1,0.000362056,ota
"Jenner, Edward, 1749-1823",Jenner,Edward,,1749,1823,1,0.000362056,ota
"Moore, Edward, 1712-1757",Moore,Edward,,1712,1757,1,0.000362056,ota
"Westcott, Edward Noyes, 1847-1898",Westcott,Edward Noyes,,1847,1898,1,0.000362056,ota
"Moxon, Elizabeth",Moxon,Elizabeth,,,,1,0.000362056,ota
"Dobbie, Elliott Van Kirk (ed)",Dobbie,Elliott Van Kirk (ed),,,,1,0.000362056,ota
"BrontÎ, Emily, 1818-1848",BrontÎ,Emily,,1818,1848,1,0.000362056,ota
"Barbers' Company (London, England)",Barbers' Company (London,England),,,,1,0.000362056,ota
"Dictionaries, etc",,Dictionaries,,,,1,0.000362056,ota
"Allen, Ethan, 1738-1789",Allen,Ethan,,1738,1789,1,0.000362056,ota
"Home, Everard, Sir, 1756-1832",Home,Everard,,1756,1832,1,0.000362056,ota
"Skrimshire, F (Fenwick), 1774 or 5-1855",Skrimshire,Fenwick,, 1774 or 5,1855,1,0.000362056,ota
"Fitzgerald, F Scott (Francis Scott), 1896-1940",Fitzgerald,F Scott (Francis Scott),,1896,1940,1,0.000362056,ota
"Baratier, Fran√ßois, 1682-1751",Baratier,Fran√ßois,,1682,1751,1,0.000362056,ota
"Sheridan, Frances Chamberlaine, 1724-1766",Sheridan,Frances Chamberlaine,,1724,1766,1,0.000362056,ota
"Bellinger, Francis, d 1721",Bellinger,Francis,, d 1721,,1,0.000362056,ota
"Hopkinson, Francis, 1737-1791",Hopkinson,Francis,,1737,1791,1,0.000362056,ota
"Abbot, George, 1562-1633",Abbot,George,,1562,1633,1,0.000362056,ota
"Ade, George, 1866-1944",Ade,George,,1866,1944,1,0.000362056,ota
"Carleton, George, fl 1728",Carleton,George,, fl 1728,,1,0.000362056,ota
"Cayley, George, Sir, 1773-1857",Cayley,George,,1773,1857,1,0.000362056,ota
"Crawford, George, fl 1710",Crawford,George,, fl 1710,,1,0.000362056,ota
"Culley, George, 1735-1813",Culley,George,,1735,1813,1,0.000362056,ota
"Duckett, George, 1684-1732",Duckett,George,,1684,1732,1,0.000362056,ota
"Puttenham, George, d 1590",Puttenham,George,, d 1590,,1,0.000362056,ota
"Rennie, George, 1749-1828",Rennie,George,,1749,1828,1,0.000362056,ota
"Krapp, George Philip, 1872-1934",Krapp,George Philip,,1872,1934,1,0.000362056,ota
"Borthwick, George",Borthwick,George,,,,1,0.000362056,ota
"Arnaud de Ronsil, Georges, 1698-1774",Arnaud de Ronsil,Georges,,1698,1774,1,0.000362056,ota
"Blane, Gilbert, Sir, 1749-1834",Blane,Gilbert,,1749,1834,1,0.000362056,ota
"Wakefield, Gilbert, 1756-1801",Wakefield,Gilbert,,1756,1801,1,0.000362056,ota
"Langley, Gilbert",Langley,Gilbert,,,,1,0.000362056,ota
"Brett-Smith, H F B (Herbert Francis Brett) (ed)",Brett-Smith,H F B (Herbert Francis Brett) (ed),,,,1,0.000362056,ota
"Brand, Hannah, d 1821",Brand,Hannah,, d 1821,,1,0.000362056,ota
"Sloane, Hans, Sir, 1660-1753",Sloane,Hans,,1660,1753,1,0.000362056,ota
"Stowe, Harriet Beecher, 1811-1896",Stowe,Harriet Beecher,,1811,1896,1,0.000362056,ota
"von Aue, Hartmann, 12th cent",von Aue,Hartmann,, 12th cent,,1,0.000362056,ota
"Banyer, Henry, fl 1718-1736",Banyer,Henry,, fl 1718,1736,1,0.000362056,ota
"Chettle, Henry,(ca 1560-1607)",Chettle,Henry,,(ca 1560,1607),1,0.000362056,ota
"Giffard, Henry, 1699-1772",Giffard,Henry,,1699,1772,1,0.000362056,ota
"Jones, Henry, fl 1782",Jones,Henry,, fl 1782,,1,0.000362056,ota
"Alden, Henry Mills, 1836-1919 (ed)",Alden,Henry Mills,,1836,1919 (ed),1,0.000362056,ota
"Dampier, Henry",Dampier,Henry,,,,1,0.000362056,ota
"Flower, Henry",Flower,Henry,,,,1,0.000362056,ota
"Wigstead, Henry",Wigstead,Henry,,,,1,0.000362056,ota
"Boyesen, Hjalmar Hjorth, 1848-1895",Boyesen,Hjalmar Hjorth,,1848,1895,1,0.000362056,ota
"Hudibras, Hugh",Hudibras,Hugh,,,,1,0.000362056,ota
"Kelly, Hugh",Kelly,Hugh,,,,1,0.000362056,ota
"Jackson, Humphrey, ca 1717-1801",Jackson,Humphrey,, ca 1717,1801,1,0.000362056,ota
"Polesworth, Humphry, Sir, 18th cent",Polesworth,Humphry,, 18th cent,,1,0.000362056,ota
"Bickerstaff, Isaac, Jun",Bickerstaff,Isaac,, Jun,,1,0.000362056,ota
"Newton, Isaac, Sir, 1642-1727",Newton,Isaac,,1642,1727,1,0.000362056,ota
"Pinto, Isaac de, 1715-1787",Pinto,Isaac de,,1715,1787,1,0.000362056,ota
"Bickerstaff, Isaac",Bickerstaff,Isaac,,,,1,0.000362056,ota
"Wall, J",Wall,J,,,,1,0.000362056,ota
"Bailey, J (John), 1750-1819",Bailey,J (John),,1750,1819,1,0.000362056,ota
"Wright, J (John), fl 1761-1765",Wright,J (John),, fl 1761,1765,1,0.000362056,ota
"Holwell, J Z (John Zephaniah), 1711-1798",Holwell,J Z (John Zephaniah),,1711,1798,1,0.000362056,ota
"Abbott, Jacob, 1803-1879",Abbott,Jacob,,1803,1879,1,0.000362056,ota
"Vanderlint, Jacob",Vanderlint,Jacob,,,,1,0.000362056,ota
"Ayscough, James, d ca 1762",Ayscough,James,, d ca 1762,,1,0.000362056,ota
"Earle, James, Sir, 1755-1817",Earle,James,,1755,1817,1,0.000362056,ota
"Graham, James, 1745-1794",Graham,James,,1745,1794,1,0.000362056,ota
"Johnstone, James, 1730?-1802",Johnstone,James,, 1730?,1802,1,0.000362056,ota
"Lind, James, 1736-1812",Lind,James,,1736,1812,1,0.000362056,ota
"Muir, James, 1757-1820",Muir,James,,1757,1820,1,0.000362056,ota
"Northcote, James, 1746-1831",Northcote,James,,1746,1831,1,0.000362056,ota
"Rymer, James, fl 1770-1833",Rymer,James,, fl 1770,1833,1,0.000362056,ota
"Thomson, James, fl 1719-1762",Thomson,James,, fl 1719,1762,1,0.000362056,ota
"Wilson, James, 1742-1798",Wilson,James,,1742,1798,1,0.000362056,ota
"Cooper, James Fenimore, 1789-1851",Cooper,James Fenimore,,1789,1851,1,0.000362056,ota
"Ha√Ö¬°ek, Jaroslav, 1883-1923",Ha√Ö¬°ek,Jaroslav,,1883,1923,1,0.000362056,ota
"Rousseau, Jean-Jacques, 1712-1778",Rousseau,Jean-Jacques,,1712,1778,1,0.000362056,ota
"Aitken, John, d 1790",Aitken,John,, d 1790,,1,0.000362056,ota
"Alderson, John, 1757-1829",Alderson,John,,1757,1829,1,0.000362056,ota
"Anderson, John, ca 1730-1804",Anderson,John,, ca 1730,1804,1,0.000362056,ota
"Armstrong, John, 1709-1779",Armstrong,John,,1709,1779,1,0.000362056,ota
"Atkins, John, 1685-1757",Atkins,John,,1685,1757,1,0.000362056,ota
"Barker, John, b 1730",Barker,John,, b 1730,,1,0.000362056,ota
"Beaumont, John, d 1731",Beaumont,John,, d 1731,,1,0.000362056,ota
"Brand, John, 1668?-1738",Brand,John,, 1668?,1738,1,0.000362056,ota
"Brown, John, 1752-1787",Brown,John,,1752,1787,1,0.000362056,ota
"Bunyan, John",Bunyan,John,,,,1,0.000362056,ota
"Cleland, John, 1709-1789",Cleland,John,,1709,1789,1,0.000362056,ota
"Colbatch, John, Sir, 1670-1729",Colbatch,John,,1670,1729,1,0.000362056,ota
"Crane, John, physician at Dorchester",Crane,John,, physician at Dorchester,,1,0.000362056,ota
"Cunningham, John, brewer",Cunningham,John,, brewer,,1,0.000362056,ota
"Cunningham, John, of Deptford",Cunningham,John,, of Deptford,,1,0.000362056,ota
"Cunningham, John, taylor",Cunningham,John,, taylor,,1,0.000362056,ota
"Davies, John, 1567-1644",Davies,John,,1567,1644,1,0.000362056,ota
"Dickinson, John",Dickinson,John,,,,1,0.000362056,ota
"Dyer, John, 1652 or 3-1713",Dyer,John,, 1652 or 3,1713,1,0.000362056,ota
"Dyer, John, d 1729",Dyer,John,, d 1729,,1,0.000362056,ota
"Gay, John, 1685-1732",Gay,John,,1685,1732,1,0.000362056,ota
"Gower, John, 1325?-1408",Gower,John,, 1325?,1408,1,0.000362056,ota
"Gowland, John, d 1776",Gowland,John,, d 1776,,1,0.000362056,ota
"Hale, John, 18th cent",Hale,John,, 18th cent,,1,0.000362056,ota
"Harrison, John, fl 1784-1792",Harrison,John,, fl 1784,1792,1,0.000362056,ota
"Hawkesworth, John, fl 1782-1778",Hawkesworth,John,, fl 1782,1778,1,0.000362056,ota
"Heysham, John, 1753-1834",Heysham,John,,1753,1834,1,0.000362056,ota
"Howlett, John, 1731-1804",Howlett,John,,1731,1804,1,0.000362056,ota
"Keats, John, 1795-1821",Keats,John,,1795,1821,1,0.000362056,ota
"Latham, John, 1697 or 8-1754",Latham,John,, 1697 or 8,1754,1,0.000362056,ota
"Latham, John, 1761-1843",Latham,John,,1761,1843,1,0.000362056,ota
"MacDonald, John, b 1741?",MacDonald,John,, b 1741?,,1,0.000362056,ota
"Morgan, John, 1735-1789",Morgan,John,,1735,1789,1,0.000362056,ota
"Morland, John, MD",Morland,John,, MD,,1,0.000362056,ota
"Page, John, fl 1733-1763",Page,John,, fl 1733,1763,1,0.000362056,ota
"Pringle, John, Sir, 1707-1782",Pringle,John,,1707,1782,1,0.000362056,ota
"Reresby, John, Sir, 1634-1689",Reresby,John,,1634,1689,1,0.000362056,ota
"Rushworth, John, 1669-1736",Rushworth,John,,1669,1736,1,0.000362056,ota
"Shebbeare, John, 1709-1788",Shebbeare,John,,1709,1788,1,0.000362056,ota
"Thelwall, John, 1764-1834",Thelwall,John,,1764,1834,1,0.000362056,ota
"Webster, John, 1580?-1625",Webster,John,, 1580?,1625,1,0.000362056,ota
"Wesley, John, 1703-1791",Wesley,John,,1703,1791,1,0.000362056,ota
"White, John, 1757 or 8-1832",White,John,, 1757 or 8,1832,1,0.000362056,ota
"Lettsom, John Coakley, 1744-1815",Lettsom,John Coakley,,1744,1815,1,0.000362056,ota
"Jones, John Gale, 1769-1838",Jones,John Gale,,1769,1838,1,0.000362056,ota
"Mill, John Stuart, 1806-1873",Mill,John Stuart,,1806,1873,1,0.000362056,ota
"Marra, John",Marra,John,,,,1,0.000362056,ota
"Rickman, John",Rickman,John,,,,1,0.000362056,ota
"Thompson, John-Weeks",Thompson,John-Weeks,,,,1,0.000362056,ota
"Edwards, Jonathan, 1703-1758",Edwards,Jonathan,,1703,1758,1,0.000362056,ota
"Mayhew, Jonathan, 1720-1766",Mayhew,Jonathan,,1720,1766,1,0.000362056,ota
"Swift, Jonathan, 1667-1745",Swift,Jonathan,,1667,1745,1,0.000362056,ota
"Swift, Jonathan, 1667-1745",Swift,Jonathan,,1667,1745,1,0.000362056,ota
"Bromehead, Joseph, b 1747 or 8",Bromehead,Joseph,, b 1747 or 8,,1,0.000362056,ota
"Browne, Joseph, fl 1700-1721",Browne,Joseph,, fl 1700,1721,1,0.000362056,ota
"Moxon, Joseph, 1627-1691",Moxon,Joseph,,1627,1691,1,0.000362056,ota
"Priestley, Joseph, 1733-1804",Priestley,Joseph,,1733,1804,1,0.000362056,ota
"Reed, Joseph, 1741-1785",Reed,Joseph,,1741,1785,1,0.000362056,ota
"Spence, Joseph, 1699-1768",Spence,Joseph,,1699,1768,1,0.000362056,ota
"Grahame, Kenneth, 1859-1932",Grahame,Kenneth,,1859,1932,1,0.000362056,ota
"Jardine, L J, fl 1795",Jardine,L J,, fl 1795,,1,0.000362056,ota
"Sparham, Legard",Sparham,Legard,,,,1,0.000362056,ota
"Osbourne, Lloyd, 1868-1947",Osbourne,Lloyd,,1868,1947,1,0.000362056,ota
"Society of Apothecaries, London",Society of Apothecaries,London,,,,1,0.000362056,ota
"Alcott, Louisa May, 1832-1888",Alcott,Louisa May,,1832,1888,1,0.000362056,ota
"Montgomery, Lucy Maud, 1874-1942",Montgomery,Lucy Maud,,1874,1942,1,0.000362056,ota
"Cornaro, Luigi, 1475-1566",Cornaro,Luigi,,1475,1566,1,0.000362056,ota
"Fournel, M (Jean-Fran√ßois), 1745-1820",Fournel,M (Jean-Fran√ßois),,1745,1820,1,0.000362056,ota
"Flemyng, Malcolm, d 1764",Flemyng,Malcolm,, d 1764,,1,0.000362056,ota
"Taylor, Margaret, Mrs",Taylor,Margaret,Mrs,,,1,0.000362056,ota
"Warren, Martin, 1696-1735",Warren,Martin,,1696,1735,1,0.000362056,ota
"Pix, Mary, 1666-1720",Pix,Mary,,1666,1720,1,0.000362056,ota
"Randolph, Mary, 1762-1828",Randolph,Mary,,1762,1828,1,0.000362056,ota
"Robinson, Mary, 1758-1800",Robinson,Mary,,1758,1800,1,0.000362056,ota
"Wollstonecraft, Mary, 1759-1797",Wollstonecraft,Mary,,1759,1797,1,0.000362056,ota
"Radcliffe, Mary Ann, 1745?-1810",Radcliffe,Mary Ann,, 1745?,1810,1,0.000362056,ota
"Shelley, Mary Wollstonecraft, 1797-1851",Shelley,Mary Wollstonecraft,,1797,1851,1,0.000362056,ota
"Turner, Matthew, d ca 1788",Turner,Matthew,, d ca 1788,,1,0.000362056,ota
"Consett, Matthew",Consett,Matthew,,,,1,0.000362056,ota
"Garthshore, Maxwell, 1732-1812",Garthshore,Maxwell,,1732,1812,1,0.000362056,ota
"Lewis, Mayer",Lewis,Mayer,,,,1,0.000362056,ota
"Theobald, Mr (Lewis), 1688-1744",Theobald,Mr (Lewis),,1688,1744,1,0.000362056,ota
"Tickell, Mr (Thomas), 1686-1740",Tickell,Mr (Thomas),,1686,1740,1,0.000362056,ota
"Hey, Mrs",Hey,,Mrs,,,1,0.000362056,ota
"Wright, Mrs,",Wright,,Mrs,,,1,0.000362056,ota
"Manley, Mrs (Mary de la Rivi√®re), 1663-1724",Manley,Mrs (Mary de la Rivi√®re),,1663,1724,1,0.000362056,ota
"Leapor, Mrs (Mary), 1722-1746",Leapor,Mrs (Mary),,1722,1746,1,0.000362056,ota
"Amhurst, N (Nicholas), 1697-1742",Amhurst,N (Nicholas),,1697,1742,1,0.000362056,ota
"Cotton, Nathaniel, 1705-1788",Cotton,Nathaniel,,1705,1788,1,0.000362056,ota
"Robinson, Nicholas, 1697?-1775",Robinson,Nicholas,, 1697?,1775,1,0.000362056,ota
"Henry, O, 1862-1910",Henry,O,,1862,1910,1,0.000362056,ota
"Governor, of Addenbrooke's Hospital",Governor,of Addenbrooke's Hospital,,,,1,0.000362056,ota
"Cugoano, Ottobah",Cugoano,Ottobah,,,,1,0.000362056,ota
"Thacher, Oxenbridge, 1719-1765",Thacher,Oxenbridge,,1719,1765,1,0.000362056,ota
"Clare, Peter, 1738-1786",Clare,Peter,,1738,1786,1,0.000362056,ota
"Shaw, Peter, 1694-1763",Shaw,Peter,,1694,1763,1,0.000362056,ota
"Sarn, Peter van, d 1766",Sarn,Peter van,, d 1766,,1,0.000362056,ota
"Bateson, Peter",Bateson,Peter,,,,1,0.000362056,ota
"Stern, Philip",Stern,Philip,,,,1,0.000362056,ota
"Leny, R",Leny,R,,,,1,0.000362056,ota
"Vaughan, Rice",Vaughan,Rice,,,,1,0.000362056,ota
"Farmer, Richard, 1735-1797",Farmer,Richard,,1735,1797,1,0.000362056,ota
"Hakluyt, Richard, 1552?-1616",Hakluyt,Richard,, 1552?,1616,1,0.000362056,ota
"Mulcaster, Richard, 1530?-1611",Mulcaster,Richard,, 1530?,1611,1,0.000362056,ota
"Pearson, Richard, 1765-1836",Pearson,Richard,,1765,1836,1,0.000362056,ota
"Polwhele, Richard, 1760-1838",Polwhele,Richard,,1760,1838,1,0.000362056,ota
"Sherry, Richard, ca 1506-ca 1555",Sherry,Richard,, ca 1506,ca 1555,1,0.000362056,ota
"West, Richard, Son of the Lord Chancellor of Ireland",West,Richard,, Son of the Lord Chancellor of Ireland,,1,0.000362056,ota
"Dana, Richard Henry, 1815-1882",Dana,Richard Henry,,1815,1882,1,0.000362056,ota
"Beverley, Robert, ca 1673-1722",Beverley,Robert,, ca 1673,1722,1,0.000362056,ota
"Bloomfield, Robert, 1766-1823",Bloomfield,Robert,,1766,1823,1,0.000362056,ota
"Douglas, Robert, Sir, 1694-1770",Douglas,Robert,,1694,1770,1,0.000362056,ota
"Hamilton, Robert, 1749-1830",Hamilton,Robert,,1749,1830,1,0.000362056,ota
"Merry, Robert, 1755-1798",Merry,Robert,,1755,1798,1,0.000362056,ota
"Owen, Robert, 1771-1858",Owen,Robert,,1771,1858,1,0.000362056,ota
"Pollard, Robert, 1755-1838",Pollard,Robert,,1755,1838,1,0.000362056,ota
"Crosfeild, Robert Thomas, 1759-1802",Crosfeild,Robert Thomas,,1759,1802,1,0.000362056,ota
"Brand, Robert",Brand,Robert,,,,1,0.000362056,ota
"Lloyd, Robert",Lloyd,Robert,,,,1,0.000362056,ota
"Samber, Robert",Samber,Robert,,,,1,0.000362056,ota
"L'Estrange, Roger, Sir, 1616-1704",L'Estrange,Roger,,1616,1704,1,0.000362056,ota
"Thomas, Rowley",Thomas,Rowley,,,,1,0.000362056,ota
"Tissot, S A D (Samuel Auguste David), 1728-1797",Tissot,S A D (Samuel Auguste David),,1728,1797,1,0.000362056,ota
"Foote, Samuel, 1720-1777",Foote,Samuel,,1720,1777,1,0.000362056,ota
"Johnson, Samuel, 1709-1784",Johnson,Samuel,,1709,1784,1,0.000362056,ota
"Palmer, Samuel, d 1732",Palmer,Samuel,, d 1732,,1,0.000362056,ota
"Richardson, Samuel, d 1805",Richardson,Samuel,, d 1805,,1,0.000362056,ota
"Brown, Sarah, fl 1777-1779",Brown,Sarah,, fl 1777,1779,1,0.000362056,ota
"Butler, Sarah, Mrs",Butler,Sarah,, Mrs,,1,0.000362056,ota
"Rutledge, Sarah, 1782-1855",Rutledge,Sarah,,1782,1855,1,0.000362056,ota
"Rudd, Sayer, d 1757",Rudd,Sayer,, d 1757,,1,0.000362056,ota
"Maiden Hospital (Edinburgh, Scotland)",Maiden Hospital (Edinburgh,Scotland),,,,1,0.000362056,ota
"Surgeons Hospital (Edinburgh, Scotland)",Surgeons Hospital (Edinburgh,Scotland),,,,1,0.000362056,ota
"Told, Silas, 1711-1779",Told,Silas,,1711,1779,1,0.000362056,ota
"Watts, Stephen, 1741-1788",Watts,Stephen,,1741,1788,1,0.000362056,ota
"Gough, Strickland, d 1752",Gough,Strickland,, d 1752,,1,0.000362056,ota
"Stanyan, Temple, 1677?-1752",Stanyan,Temple,, 1677?,1752,1,0.000362056,ota
"Philadelphos, Theophilos",Philadelphos,Theophilos,,,,1,0.000362056,ota
"Betterton, Thomas, 1635?-1710",Betterton,Thomas,, 1635?,1710,1,0.000362056,ota
"Dekker, Thomas, ca 1572-1632",Dekker,Thomas,, ca 1572,1632,1,0.000362056,ota
"Denman, Thomas, 1733-1815",Denman,Thomas,,1733,1815,1,0.000362056,ota
"Dutton, Thomas, 18th/19th cent",Dutton,Thomas,, 18th/19th cent,,1,0.000362056,ota
"Elyot, Thomas, Sir, 1490?-1546",Elyot,Thomas,, 1490?,1546,1,0.000362056,ota
"Frewen, Thomas, 1704-1791",Frewen,Thomas,,1704,1791,1,0.000362056,ota
"Henry, Thomas, 1734-1816",Henry,Thomas,,1734,1816,1,0.000362056,ota
"Hobbes, Thomas, 1588-1679",Hobbes,Thomas,,1588,1679,1,0.000362056,ota
"King, Thomas, fl 1791",King,Thomas,, fl 1791,,1,0.000362056,ota
"Kyd, Thomas, 1558-1594",Kyd,Thomas,,1558,1594,1,0.000362056,ota
"Middleton, Thomas, 1580-1627",Middleton,Thomas,,1580,1627,1,0.000362056,ota
"More, Thomas, Sir, Saint, 1478-1535",More,Thomas,,1478,1535,1,0.000362056,ota
"Nettleton, Thomas, 1683-1742",Nettleton,Thomas,,1683,1742,1,0.000362056,ota
"Norris, Thomas, fl 1780",Norris,Thomas,, fl 1780,,1,0.000362056,ota
"Purney, Thomas, 1695-ca 1727",Purney,Thomas,,1695,ca 1727,1,0.000362056,ota
"Sheridan, Thomas, 1687-1738",Sheridan,Thomas,,1687,1738,1,0.000362056,ota
"Taylor, Thomas, 1738-1816",Taylor,Thomas,,1738,1816,1,0.000362056,ota
"Vaughan, Thomas, b 1689 or 1790",Vaughan,Thomas,, b 1689 or 1790,,1,0.000362056,ota
"Wilson, Thomas, 1525?-1581",Wilson,Thomas,, 1525?,1581,1,0.000362056,ota
"Dekker, Thomas and Middleton, Thomas",Dekker,Thomas and Middleton,, Thomas,,1,0.000362056,ota
"Quincey, Thomas de, 1785-1859",Quincey,Thomas de,,1785,1859,1,0.000362056,ota
"King, Thomas",King,Thomas,,,,1,0.000362056,ota
"Matthias, Ulrich",Matthias,Ulrich,,,,1,0.000362056,ota
"Farrer, W (William), d 1775",Farrer,W (William),, d 1775,,1,0.000362056,ota
"Yeats, WB (William Butler), 1865-1939",Yeats,WB (William Butler),,1865,1939,1,0.000362056,ota
"Lynn, Walter, 1677-1763",Lynn,Walter,,1677,1763,1,0.000362056,ota
"Scott, Walter, Sir, 1771-1832",Scott,Walter,,1771,1832,1,0.000362056,ota
"Irving, Washington, 1783-1859",Irving,Washington,,1783,1859,1,0.000362056,ota
"Owen, Wilfred, 1893-1918",Owen,Wilfred,,1893,1918,1,0.000362056,ota
"Bond, William, d 1735",Bond,William,, d 1735,,1,0.000362056,ota
"Buchan, William, 1729-1805",Buchan,William,,1729,1805,1,0.000362056,ota
"Cadogan, William, 1711-1797",Cadogan,William,,1711,1797,1,0.000362056,ota
"Coxe, William, 1747-1828",Coxe,William,,1747,1828,1,0.000362056,ota
"Dease, William, 1752?-1798",Dease,William,, 1752?,1798,1,0.000362056,ota
"Godwin, William, 1756-1836",Godwin,William,,1756,1836,1,0.000362056,ota
"Heath, William, 1737-1814",Heath,William,,1737,1814,1,0.000362056,ota
"Hogarth, William, 1697-1764",Hogarth,William,,1697,1764,1,0.000362056,ota
"Hogarth, William, ill 1697-1764",Hogarth,William,, ill 1697,1764,1,0.000362056,ota
"Hutchinson, William, 1715-1801",Hutchinson,William,,1715,1801,1,0.000362056,ota
"Langland, William, 1330?-1400?",Langland,William,, 1330?,1400?,1,0.000362056,ota
"Law, William, 1686-1761",Law,William,,1686,1761,1,0.000362056,ota
"Law, William, 1686-1761",Law,William,,1686,1761,1,0.000362056,ota
"Logan, William, 1747-1772",Logan,William,,1747,1772,1,0.000362056,ota
"Lynn, William, 1753-1837",Lynn,William,,1753,1837,1,0.000362056,ota
"Morris, William, 1834-1896",Morris,William,,1834,1896,1,0.000362056,ota
"Nolan, William, 18th cent",Nolan,William,, 18th cent,,1,0.000362056,ota
"O'Brien, William, d 1815",O'Brien,William,, d 1815,,1,0.000362056,ota
"Pittis, William, 1674-1724",Pittis,William,,1674,1724,1,0.000362056,ota
"Popple, William, 1701-1764",Popple,William,,1701,1764,1,0.000362056,ota
"Sharp, William, fl 1766-1767",Sharp,William,, fl 1766,1767,1,0.000362056,ota
"Smith, William, 1727-1803",Smith,William,,1727,1803,1,0.000362056,ota
"Webb, William, mate of the Doddington East Indiaman",Webb,William,, mate of the Doddington East Indiaman,,1,0.000362056,ota
"Whitehead, William, of Newcastle",Whitehead,William,, of Newcastle,,1,0.000362056,ota
"Woodville, William, 1752-1805",Woodville,William,,1752,1805,1,0.000362056,ota
"Wycherley, William, 1640-1716",Wycherley,William,,1640,1716,1,0.000362056,ota
"Howells, William Dean, 1837-1920",Howells,William Dean,,1837,1920,1,0.000362056,ota
"Trinder, William Martin",Trinder,William Martin,,,,1,0.000362056,ota
"Cockell, William",Cockell,William,,,,1,0.000362056,ota
"Funnell, William",Funnell,William,,,,1,0.000362056,ota
"Randall, William",Randall,William,,,,1,0.000362056,ota
"Threlfal, William",Threlfal,William,,,,1,0.000362056,ota
"Balestier, Wolcott, 1861-1891",Balestier,Wolcott,,1861,1891,1,0.000362056,ota
"von Eschenbach, Wolfram, 12th cent",von Eschenbach,Wolfram,, 12th cent,,1,0.000362056,ota
Anonymous,,Anonymous,,,,1,0.000362056,ota
Apothecary,,Apothecary,,,,1,0.000362056,ota
Aristotle,,Aristotle,,,,1,0.000362056,ota
Author of The practical scheme,,Author of The practical scheme,,,,1,0.000362056,ota
Clement C Moore,,Clement C Moore,,,,1,0.000362056,ota
Friend to Religious and Civil Liberty,,Friend to Religious and Civil Liberty,,,,1,0.000362056,ota
General Infirmary at Leeds,,General Infirmary at Leeds,,,,1,0.000362056,ota
Great Britain Sovereign (1760-1820 : George III),,Great Britain Sovereign (1760-1820 : George III),,,,1,0.000362056,ota
H D,,H D,,,,1,0.000362056,ota
Harrison & Co,,Harrison & Co,,,,1,0.000362056,ota
Hearty Well-Wisher to Publick Credit,,Hearty Well-Wisher to Publick Credit,,,,1,0.000362056,ota
Late Member of the Continental Congress,,Late Member of the Continental Congress,,,,1,0.000362056,ota
Late pupil of Dr Leake's,,Late pupil of Dr Leake's,,,,1,0.000362056,ota
London Hospital,,London Hospital,,,,1,0.000362056,ota
Margarete C Conkling,,Margarete C Conkling,,,,1,0.000362056,ota
Newcastle upon Tyne (England) Dispensary,,Newcastle upon Tyne (England) Dispensary,,,,1,0.000362056,ota
Person of honour,,Person of honour,,,,1,0.000362056,ota
Philanthropos,,Philanthropos,,,,1,0.000362056,ota
Pliny the Younger,,Pliny the Younger,,,,1,0.000362056,ota
Plutarch,,Plutarch,,,,1,0.000362056,ota
Pythagoras,,Pythagoras,,,,1,0.000362056,ota
Royal College of Surgeons of England,,Royal College of Surgeons of England,,,,1,0.000362056,ota
Well-wisher to the publick,,Well-wisher to the publick,,,,1,0.000362056,ota
